img,type,answer,randomise,display,memory
NeutMidNonsoc_5.jpg,target,F,1,image,filler
3d1624eb4c35402296bf9bc2e790f343.jpg,target,F,1,image,filler
2abb120cd5a781286741182cc4bb6dd2.jpg,target,F,1,image,filler
5fdc482e5b42049a82ca070062ab59d8.jpg,target,F,1,image,filler
7f71ecb2b2d72740920f76cd5a95b2e2.jpg,target,F,1,image,filler
06a9ade692b9894b771ba657cade7770.jpg,target,F,1,image,filler
Landscapes_135_h.jpg,target,F,1,image,filler
7ab03626f990062e6132f7a256c68cc0.jpg,target,F,1,image,filler
feda202ca3d6bfd1aeb0da37fdc38a57.jpg,target,F,1,image,filler
04010bc443e63d3299791526581d1c6a.jpg,target,F,1,image,filler
5b9a17117584d671f8ac090ec0bace1e.jpg,target,F,1,image,filler
1f9a82ccaf0a33edbbaab571d60d0058.jpg,target,F,1,image,filler
6ef7925a3b6b6f4edb74c00708d0a723.jpg,target,F,1,image,filler
6c34e2878569d763bdd92cdc72c8be88.jpg,target,F,1,image,filler
1e55bcaa25fabbc8578a7277fc33739b.jpg,target,F,1,image,filler
1ee7db919447af22c4e020dc971d886d.jpg,target,F,1,image,filler
04d47b8184a2bdde9179efa50640e7d3.jpg,target,F,1,image,filler
3d59b2b50b93bc6789d97509f8441be6.jpg,target,F,1,image,filler
Landscapes_089_h.jpg,target,F,1,image,filler
8979facd2551c9b4d2ed46316c3109e3.jpg,target,F,1,image,filler
ffacecd7ff2483bae112f8f0e8356a68.jpg,target,F,1,image,filler
ff296975cff994a989c6146faba10ef2.jpg,target,F,1,image,filler
3c42c59470c5a78bd8fad7a3f4223af9.jpg,target,F,1,image,filler
07b98f0075d2baf40f8a46dbc3147988.jpg,target,F,1,image,filler
6a428827436fae2f1dc16138cf69fbc3.jpg,target,F,1,image,filler
Explosion 1.jpg,target,F,1,image,filler
04c7e1e045d2a464c7660a5a1dc6b521.jpg,target,F,1,image,filler
Garbage dump 5.jpg,target,F,1,image,filler
98e1de33aecf9079ec4fef36414a6b93.jpg,target,F,1,image,filler
NegMidNonsoc_16.jpg,target,F,1,image,filler
Pollution 1.jpg,target,F,1,image,filler
Landscapes_002_h.jpg,target,F,1,image,filler
1e11737ef84d2540acdb3e95be306366.jpg,target,F,1,image,filler
Volcano 1.jpg,target,F,1,image,filler
8abf8e0d7f0269df0963a5e1f0c98fc5.jpg,target,F,1,image,filler
fe72718d821af79325bd7f405b581abd.jpg,target,F,1,image,filler
1ec3da084ef6bb404b0f4e706f3dca08.jpg,target,F,1,image,filler
3a86857c680b20161adf067d5fa9433d.jpg,target,F,1,image,filler
4d7c83a8e9b0984905e4da0d496113c7.jpg,target,F,1,image,filler
2f3e68a37d68e5bab426786d2ae708cf.jpg,target,F,1,image,filler
Lightning 3.jpg,target,F,1,image,filler
1e8b1c227937cf0e65acd92b50392f3e.jpg,target,F,1,image,filler
3f2fd9474f29da0b50ff9286b429bbc0.jpg,target,F,1,image,filler
7343e3dc0a765f0152c87b9cea4d9743.jpg,target,F,1,image,filler
4d617813ee2d6d8c2ce9cc2d540e163f.jpg,target,F,1,image,filler
6a8a7d8712318130339bb151a1a480d1.jpg,target,F,1,image,filler
2e736b206488e9fae823363bdfc23722.jpg,target,F,1,image,filler
2f35eee0d0df52af0fb2c2e2785a2264.jpg,target,F,1,image,filler
2e4009a2ea8d585ba497bf5fd7816d1b.jpg,target,F,1,image,target
f209b8b4566de78c7f9bf8ca98846534.jpg,target,F,1,image,target
ffea5ae2717cdc3987215e67a226d794.jpg,target,F,1,image,target
5607057486b81691d8ac7021261bffc7.jpg,target,F,1,image,target
4c439fd6c90fcac1d9c247e0d30db57a.jpg,target,F,1,image,target
dda7c54d92c7279ad21757f349c7cb59.jpg,target,F,1,image,target
7e7c6491904659cda90b353efa05c36c.jpg,target,F,1,image,target
d8f1bd0679a210b6b43880a48c128c94.jpg,target,F,1,image,target
5e83165bb10aa890a84087c2c6d3edb1.jpg,target,F,1,image,target
6cb2b2a420aafa64f282ef22e112d0b2.jpg,target,F,1,image,target
2aa7d16216672ee000ee2bd2adac4cfc.jpg,target,F,1,image,target
ff775e0aab0fac9ed6f2cda33af71491.jpg,target,F,1,image,target
4c23a49c62ff1bbf1eefcc78dca7a998.jpg,target,F,1,image,target
bc35ab70a63de30e61cd1487569037ff.jpg,target,F,1,image,target
5f1de49bddc9d70f9816b42d3146d343.jpg,target,F,1,image,target
fe05bcff562f480c546995c681444a88.jpg,target,F,1,image,target
ff52ebec9d07da7fd2f4fc3dd5ab07fa.jpg,target,F,1,image,target
d5b5180e8720bf487dc9154b77cb6821.jpg,target,F,1,image,target
5e5b9d846232bdcc3e52cd453a221dff.jpg,target,F,1,image,target
ff28796767d99273def9eb0e6db65953.jpg,target,F,1,image,target
3aa18c7989615cbf9e84d32f0039e64f.jpg,target,F,1,image,target
Grass 4.jpg,target,F,1,image,target
feed528bc121918ffce4f02bd1d6f2f4.jpg,target,F,1,image,target
fc7354a0bbef269140ce76bff20aa450.jpg,target,F,1,image,target
01f870e557961e3faef0856f12309fa4.jpg,target,F,1,image,target
1e7ce32a3cbdae096a502e6c8076f79b.jpg,target,F,1,image,target
003b4444e624e41a4553d652cdc5a983.jpg,target,F,1,image,target
NegHighNonsoc_19.jpg,target,F,1,image,target
NegMidNonsoc_3.jpg,target,F,1,image,target
158014689825043d5b49ffcf135892b5.jpg,target,F,1,image,target
2a608dc6d5195d76ed0be5bb46e5922e.jpg,target,F,1,image,target
6ee5ea40cd52e1d8fdb5d823354d2eeb.jpg,target,F,1,image,target
fec2211aa4477f705a7b7fd5610e2224.jpg,target,F,1,image,target
3ddd64c8e1bd9da05c60694765cbaa6e.jpg,target,F,1,image,target
5df7bb75e2b2b17b55246912debf934e.jpg,target,F,1,image,target
Desert 1.jpg,target,F,1,image,target
7c4f3f4fb26ac0b47b8ba51ee8b0979b.jpg,target,F,1,image,target
fe8a11cc838003636cbdcb32160e1153.jpg,target,F,1,image,target
Skijump 1.jpg,target,F,1,image,target
1fbe50e9fbfb4cd25adb8887c3a48e67.jpg,target,F,1,image,target
Bar 1.jpg,target,F,1,image,target
abe336eaf110ed14cce5d4fed62a7d5a.jpg,target,F,1,image,target
1eec1f3b01e05351d9ff41e3a55f9e27.jpg,target,F,1,image,target
1f70ece26cb7ddab09e7389717665ce5.jpg,target,F,1,image,target
1f400d28261cb15a25e91e7be56110ba.jpg,target,F,1,image,target
15b2fecb8d54103bbfccd9e0cf34a77e.jpg,target,F,1,image,target
Lake 11.jpg,target,F,1,image,target
5e10ffc07c32b122581ffbcf070e3513.jpg,target,F,1,image,target